id	first_name	last_name	email	gender	ip_address
1	Ahmad	Garz	agarz0@state.tx.us	Male	125.60.169.228
2	Domingo	Igoe	digoe1@hostgator.com	Male	153.126.120.242
3	Ilsa	Dawson	idawson2@sakura.ne.jp	Female	28.89.250.227
4	Cherye	Hammarberg	chammarberg3@indiatimes.com	Female	246.77.170.119
5	Corby	Relf	crelf4@umich.edu	Male	14.119.129.251
6	Fabio	Dan	fdan5@java.com	Genderfluid	197.14.23.250
7	Dale	Vanyakin	dvanyakin6@blogtalkradio.com	Female	113.133.122.252
8	Farrah	Ivanyutin	fivanyutin7@shinystat.com	Female	185.251.125.121
9	Casper	O'Flaverty	coflaverty8@noaa.gov	Male	163.146.46.107
10	Maribeth	Olliar	molliar9@go.com	Female	181.58.181.17
11	Estella	Recher	erechera@diigo.com	Female	166.107.162.48
12	Saunders	Vannucci	svannuccib@wiley.com	Male	105.242.24.85
13	Almeria	Turpin	aturpinc@behance.net	Female	57.173.140.167
14	Karlotte	Arons	karonsd@cyberchimps.com	Female	90.201.218.158
15	Conchita	Dahlbom	cdahlbome@reverbnation.com	Non-binary	206.246.83.10
16	Brandy	O'Hannigan	bohanniganf@paypal.com	Non-binary	88.30.19.167
17	Rebecka	Wibrow	rwibrowg@scientificamerican.com	Female	128.248.57.3
18	Roseanne	Boother	rbootherh@friendfeed.com	Female	245.158.18.168
19	Torry	Stoter	tstoteri@china.com.cn	Male	216.105.136.142
20	Anitra	Teale	atealej@t-online.de	Female	57.17.60.231
21	Bond	Haffenden	bhaffendenk@is.gd	Bigender	142.142.61.247
22	Opalina	Gooms	ogoomsl@bbc.co.uk	Genderqueer	250.203.175.87
23	Tiffy	Greader	tgreaderm@yahoo.co.jp	Female	254.78.1.53
24	Fredelia	Lindhe	flindhen@nhs.uk	Female	39.90.3.206
25	Kerwinn	Yanyushkin	kyanyushkino@businessinsider.com	Male	113.37.55.134
26	Raeann	Langstrath	rlangstrathp@mlb.com	Female	11.52.24.182
27	Thaine	Tidmas	ttidmasq@hao123.com	Male	140.33.202.188
28	Angela	Blundon	ablundonr@infoseek.co.jp	Female	209.43.218.88
29	Wilow	Steggles	wsteggless@noaa.gov	Female	158.191.231.48
30	Fidel	Breming	fbremingt@omniture.com	Male	203.38.45.208
31	Gussie	Wittleton	gwittletonu@blinklist.com	Female	127.66.36.81
32	Aggy	Simkiss	asimkissv@noaa.gov	Female	177.176.152.169
33	Sioux	Hundey	shundeyw@si.edu	Female	48.17.108.112
34	Noah	Beasley	nbeasleyx@icio.us	Male	174.163.61.145
35	Stepha	Tressler	stresslery@cdbaby.com	Female	39.141.247.110
36	Agna	Wickey	awickeyz@sfgate.com	Female	184.222.153.106
37	Leona	Trevenu	ltrevenu10@jigsy.com	Female	230.44.224.204
38	Deva	Avrahm	davrahm11@blog.com	Female	167.162.105.148
39	Gareth	Reskelly	greskelly12@themeforest.net	Agender	251.240.133.50
40	Terrance	Tallon	ttallon13@ed.gov	Male	249.182.79.138
41	Lucky	Rushford	lrushford14@reddit.com	Female	214.246.140.157
42	Jasper	Berntssen	jberntssen15@angelfire.com	Male	196.196.161.53
43	Darsey	Moffatt	dmoffatt16@nhs.uk	Female	58.29.77.13
44	Lind	Bocking	lbocking17@flavors.me	Polygender	0.249.184.171
45	Alessandra	Witherspoon	awitherspoon18@sfgate.com	Female	59.16.120.164
46	Davina	Wallwork	dwallwork19@123-reg.co.uk	Female	146.108.126.78
47	Broddie	Palethorpe	bpalethorpe1a@psu.edu	Male	98.106.53.148
48	Clemmy	Kersey	ckersey1b@vistaprint.com	Female	198.92.20.131
49	Kaja	Kelcey	kkelcey1c@webnode.com	Female	167.73.62.46
50	Brandise	Graeser	bgraeser1d@google.pl	Female	198.131.239.50
51	Sullivan	Wykey	swykey1e@tumblr.com	Male	63.212.113.128
52	Merrick	Kelso	mkelso1f@irs.gov	Male	109.207.113.115
53	Granny	McPhail	gmcphail1g@stumbleupon.com	Male	113.73.48.146
54	Tonnie	Wyre	twyre1h@cornell.edu	Male	138.238.144.54
55	Frederik	Chown	fchown1i@google.cn	Male	34.143.181.94
56	Blane	Mattock	bmattock1j@taobao.com	Male	111.86.202.157
57	Ferdinande	Randales	frandales1k@hatena.ne.jp	Female	241.144.27.158
58	Cornie	Hegley	chegley1l@huffingtonpost.com	Female	119.64.81.65
59	Farly	Maryin	fmaryin1m@usgs.gov	Male	37.82.186.92
60	Melesa	Doog	mdoog1n@marriott.com	Female	130.67.134.49
61	Marv	Perschke	mperschke1o@techcrunch.com	Male	56.46.139.6
62	Olga	Lazenby	olazenby1p@weather.com	Female	105.88.123.43
63	Steward	Cordey	scordey1q@google.nl	Male	74.125.89.124
64	Elane	Bernollet	ebernollet1r@foxnews.com	Female	62.223.106.148
65	Alice	McFall	amcfall1s@dmoz.org	Agender	203.2.32.126
66	Tilly	Serridge	tserridge1t@rambler.ru	Female	138.16.138.170
67	Brenda	Rugiero	brugiero1u@vkontakte.ru	Female	111.178.143.181
68	Erhart	Milkeham	emilkeham1v@instagram.com	Male	144.213.81.189
69	Willetta	Durnan	wdurnan1w@wunderground.com	Female	253.250.210.106
70	Kendricks	Wortman	kwortman1x@list-manage.com	Male	100.130.206.208
71	Chico	Haukey	chaukey1y@ca.gov	Male	177.171.20.32
72	Daven	Bortolotti	dbortolotti1z@squarespace.com	Male	201.0.194.240
73	Stacy	Belli	sbelli20@tumblr.com	Female	50.23.84.127
74	Lorrie	Smitheman	lsmitheman21@usgs.gov	Female	219.60.42.207
75	Kale	Domke	kdomke22@1und1.de	Bigender	26.185.54.244
76	Reynard	Catonnet	rcatonnet23@sourceforge.net	Male	22.196.27.139
77	Osbourne	Maddison	omaddison24@nature.com	Male	99.117.29.241
78	Fanechka	Hawkyens	fhawkyens25@plala.or.jp	Female	87.223.165.176
79	Melisent	Soff	msoff26@alexa.com	Female	90.166.65.183
80	Valry	Totaro	vtotaro27@amazon.de	Female	255.219.223.5
81	Brose	MacRannell	bmacrannell28@buzzfeed.com	Male	128.99.99.146
82	Angela	Cyster	acyster29@altervista.org	Female	199.20.149.180
83	Townie	Hamley	thamley2a@a8.net	Male	107.138.176.210
84	Dewitt	Bucknill	dbucknill2b@youtube.com	Male	193.188.90.200
85	Gabbi	Stuckford	gstuckford2c@csmonitor.com	Female	98.12.245.255
86	Humphrey	Dumbarton	hdumbarton2d@amazon.co.uk	Male	117.228.99.184
87	Benedicta	Mallan	bmallan2e@nasa.gov	Female	120.67.65.209
88	Nikolaos	Tissiman	ntissiman2f@census.gov	Male	215.77.245.34
89	Kynthia	Horder	khorder2g@discuz.net	Female	183.169.34.49
90	Scarlett	Whaplington	swhaplington2h@imdb.com	Female	107.238.161.248
91	Morey	Mattisson	mmattisson2i@freewebs.com	Male	15.244.232.24
92	Brynna	Gariff	bgariff2j@jiathis.com	Female	43.188.208.179
93	Dorotea	Ambrosetti	dambrosetti2k@godaddy.com	Female	250.89.141.131
94	Greg	Gregoli	ggregoli2l@cnet.com	Agender	7.155.214.171
95	Buckie	Desquesnes	bdesquesnes2m@shinystat.com	Male	78.197.122.62
96	Marika	Mulrenan	mmulrenan2n@miibeian.gov.cn	Female	251.247.148.82
97	Cecily	Winters	cwinters2o@phpbb.com	Genderqueer	108.125.4.100
98	Allistir	Gilyott	agilyott2p@yellowbook.com	Male	38.155.76.118
99	Cal	Roomes	croomes2q@lulu.com	Female	151.207.11.158
100	Cletus	Rawdall	crawdall2r@studiopress.com	Male	150.52.10.161
101	Winona	O'Doran	wodoran2s@networkadvertising.org	Female	175.88.91.209
102	Herminia	Kunneke	hkunneke2t@zdnet.com	Female	248.28.247.58
103	Abbie	Hanselman	ahanselman2u@bloglines.com	Male	131.145.67.57
104	Carolina	Cray	ccray2v@goodreads.com	Female	216.230.177.108
105	Ulysses	Dalloway	udalloway2w@rambler.ru	Male	239.201.12.142
106	Thaddeus	Nial	tnial2x@last.fm	Male	16.19.16.70
107	Ginelle	Meriguet	gmeriguet2y@umich.edu	Female	147.76.3.131
108	Iolande	Renney	irenney2z@unesco.org	Female	168.74.163.134
109	Isabella	Lugsdin	ilugsdin30@opera.com	Genderqueer	190.215.82.66
110	Efren	Armatidge	earmatidge31@aboutads.info	Male	105.87.31.254
111	Siusan	Goch	sgoch32@seattletimes.com	Female	4.109.85.163
112	Blanch	Mowsdell	bmowsdell33@xinhuanet.com	Female	189.46.191.114
113	Meaghan	Brezlaw	mbrezlaw34@amazon.com	Female	180.177.230.40
114	Chic	Quinnell	cquinnell35@prnewswire.com	Male	86.191.27.149
115	Ora	Thay	othay36@diigo.com	Female	215.147.220.59
116	Royal	Parlet	rparlet37@hibu.com	Male	105.159.254.220
117	Wilmer	Norvill	wnorvill38@theatlantic.com	Male	24.1.114.142
118	Marve	Liddle	mliddle39@mail.ru	Male	152.252.212.64
119	Freddy	Nanninini	fnanninini3a@nba.com	Male	90.32.128.244
120	Meta	Confort	mconfort3b@hostgator.com	Female	65.97.124.207
121	Hodge	McEntee	hmcentee3c@mail.ru	Male	242.223.42.88
122	Scot	Hutchason	shutchason3d@disqus.com	Male	216.31.123.136
123	Starlene	Montrose	smontrose3e@fastcompany.com	Female	5.191.42.9
124	Moina	MacCallister	mmaccallister3f@cocolog-nifty.com	Female	89.217.196.207
125	Vasily	Bryns	vbryns3g@unblog.fr	Male	227.42.3.202
126	Cristine	Cottee	ccottee3h@army.mil	Female	22.161.120.58
127	Drew	Wigfall	dwigfall3i@cloudflare.com	Male	147.215.197.251
128	Brittaney	Showte	bshowte3j@ezinearticles.com	Female	82.159.235.226
129	Bill	de Clerk	bdeclerk3k@is.gd	Female	181.84.11.91
130	Gregor	Pollastrino	gpollastrino3l@msn.com	Male	27.204.16.10
131	Letty	Guillond	lguillond3m@sun.com	Female	249.184.184.235
132	Korie	Passey	kpassey3n@nytimes.com	Female	151.178.218.97
133	Edsel	Godmer	egodmer3o@51.la	Male	108.71.145.217
134	Zacherie	Brauns	zbrauns3p@dailymotion.com	Male	24.3.102.72
135	Kai	Dearlove	kdearlove3q@noaa.gov	Female	232.115.124.111
136	Caro	MacFarlane	cmacfarlane3r@163.com	Female	121.10.208.114
137	Miltie	Fiander	mfiander3s@diigo.com	Genderfluid	176.231.131.102
138	Merrily	Radmore	mradmore3t@intel.com	Female	171.79.71.158
139	Lanny	MacKellar	lmackellar3u@livejournal.com	Male	138.75.73.207
140	Garrek	Wrenn	gwrenn3v@1688.com	Male	3.171.104.112
141	Nicolis	Le Marquis	nlemarquis3w@mail.ru	Male	54.29.220.230
142	Forrester	Libreros	flibreros3x@guardian.co.uk	Male	199.168.203.49
143	Arnoldo	Murr	amurr3y@homestead.com	Male	215.165.26.13
144	Batholomew	Issac	bissac3z@shareasale.com	Male	58.100.3.224
145	Curry	Chardin	cchardin40@time.com	Genderfluid	207.172.198.162
146	Yalonda	Di Lucia	ydilucia41@dyndns.org	Female	47.25.249.140
147	Jobey	Hutchence	jhutchence42@yahoo.com	Female	157.182.247.112
148	Sherri	Kinnon	skinnon43@weebly.com	Female	36.72.93.181
149	Dorene	Bonnyson	dbonnyson44@freewebs.com	Genderfluid	221.217.199.10
150	Brana	Seyfart	bseyfart45@nydailynews.com	Female	242.177.24.13
151	Ann	Dabnot	adabnot46@npr.org	Female	29.215.91.69
152	Phillip	Pargiter	ppargiter47@google.cn	Male	94.43.107.81
153	Avictor	Meggison	ameggison48@uiuc.edu	Male	66.78.177.118
154	Melina	Grigolon	mgrigolon49@cafepress.com	Female	171.99.123.65
155	Berny	Pimmocke	bpimmocke4a@de.vu	Female	21.52.93.95
156	Kingsly	Birds	kbirds4b@creativecommons.org	Genderqueer	108.98.131.156
157	Krishna	Meaney	kmeaney4c@va.gov	Male	45.31.67.12
158	Penelope	Milburne	pmilburne4d@google.com.hk	Female	56.131.85.151
159	Gage	Tomaszynski	gtomaszynski4e@mozilla.com	Male	179.69.129.205
160	Barret	Bedow	bbedow4f@themeforest.net	Male	47.203.253.123
161	Mariejeanne	Ruperto	mruperto4g@auda.org.au	Female	2.191.156.159
162	Merrily	Churching	mchurching4h@examiner.com	Female	120.136.151.83
163	Georgena	Betts	gbetts4i@mac.com	Female	172.61.224.147
164	Horatio	Longbothom	hlongbothom4j@nydailynews.com	Male	183.104.15.88
165	Delmar	Castanie	dcastanie4k@huffingtonpost.com	Male	190.47.99.32
166	Gunilla	Gosz	ggosz4l@mozilla.com	Female	181.163.249.4
167	Fan	Hawney	fhawney4m@ezinearticles.com	Female	255.97.197.63
168	Nathanael	Torrejon	ntorrejon4n@sina.com.cn	Male	216.59.175.49
169	Candis	Franckton	cfranckton4o@alexa.com	Genderfluid	125.190.165.35
170	Rhys	McOmish	rmcomish4p@forbes.com	Male	118.204.16.124
171	Gerri	Ubsdell	gubsdell4q@smh.com.au	Male	185.104.197.204
172	Bartie	Comer	bcomer4r@w3.org	Male	208.128.164.59
173	Amandi	Sandercock	asandercock4s@gmpg.org	Female	39.224.8.200
174	Nikolaos	Fryers	nfryers4t@nasa.gov	Male	231.11.126.35
175	Yalonda	Danshin	ydanshin4u@odnoklassniki.ru	Female	114.226.26.68
176	Leela	Exposito	lexposito4v@walmart.com	Female	23.135.32.38
177	Penelopa	Mighele	pmighele4w@squarespace.com	Female	108.120.138.53
178	Perren	Mullin	pmullin4x@sun.com	Bigender	214.30.121.138
179	Mitchael	Sare	msare4y@sogou.com	Male	110.84.27.209
180	Janetta	Currin	jcurrin4z@epa.gov	Non-binary	120.22.22.92
181	Kayley	Liptrod	kliptrod50@shinystat.com	Genderqueer	54.144.159.246
182	Shela	Hepher	shepher51@naver.com	Female	102.45.163.119
183	Darline	Coast	dcoast52@accuweather.com	Polygender	144.220.114.254
184	Cristobal	Bubbins	cbubbins53@soundcloud.com	Male	21.181.145.42
185	Baxie	Ide	bide54@pinterest.com	Male	182.254.69.52
186	Creighton	Phillcox	cphillcox55@liveinternet.ru	Male	247.15.159.29
187	Arie	MacGiolla	amacgiolla56@nba.com	Male	38.14.18.221
188	Leo	Meuse	lmeuse57@paypal.com	Male	108.160.237.73
189	Moreen	Medlicott	mmedlicott58@shinystat.com	Bigender	177.37.157.119
190	Tania	Philp	tphilp59@princeton.edu	Female	199.186.244.72
191	Amara	Rosenblath	arosenblath5a@wisc.edu	Female	160.136.130.130
192	Maire	Sans	msans5b@globo.com	Genderqueer	125.24.80.224
193	Elli	Szachniewicz	eszachniewicz5c@omniture.com	Female	94.89.54.2
194	Anette	Ruffy	aruffy5d@whitehouse.gov	Female	48.56.182.201
195	Arron	Fossick	afossick5e@washington.edu	Male	4.151.74.108
196	Stephani	Shea	sshea5f@sbwire.com	Female	163.206.8.248
197	Gradey	Margetson	gmargetson5g@tripod.com	Male	71.59.213.176
198	Lavina	Bradd	lbradd5h@ed.gov	Female	10.222.213.58
199	Stanford	Johannesson	sjohannesson5i@cornell.edu	Male	90.232.115.170
200	Bessie	Sabatini	bsabatini5j@elegantthemes.com	Female	94.18.210.235
201	Saunder	Tonner	stonner5k@yandex.ru	Male	94.222.208.94
202	Dante	Terbruggen	dterbruggen5l@sciencedirect.com	Male	220.44.187.69
203	Arel	Orris	aorris5m@walmart.com	Male	217.114.52.50
204	Amara	Morrel	amorrel5n@skype.com	Female	26.166.230.114
205	Bordie	Croal	bcroal5o@alibaba.com	Male	34.83.69.83
206	Hayley	Thome	hthome5p@photobucket.com	Female	208.151.255.1
207	Rudy	Kelling	rkelling5q@slashdot.org	Male	9.218.92.117
208	Nestor	Perford	nperford5r@howstuffworks.com	Male	3.97.231.157
209	Natal	Di Filippo	ndifilippo5s@free.fr	Male	171.163.221.255
210	Philis	Quilty	pquilty5t@nature.com	Female	50.88.216.29
211	Jocelin	Eplett	jeplett5u@wired.com	Genderfluid	200.25.139.214
212	Gifford	Bony	gbony5v@mapy.cz	Male	194.106.195.110
213	Percival	Epilet	pepilet5w@globo.com	Male	194.188.190.149
214	Morley	Tadd	mtadd5x@canalblog.com	Male	130.157.195.146
215	Anallise	Brelsford	abrelsford5y@gnu.org	Female	95.177.2.18
216	Rosalia	Sommerly	rsommerly5z@cnn.com	Female	123.66.116.187
217	Fritz	Capstaff	fcapstaff60@epa.gov	Male	70.111.56.165
218	Estelle	Gadault	egadault61@dell.com	Female	225.154.144.68
219	Kelsi	Cluer	kcluer62@si.edu	Polygender	44.244.113.5
220	Clemmy	Torbett	ctorbett63@yale.edu	Female	139.194.191.60
221	Enrico	Shields	eshields64@opensource.org	Bigender	44.182.46.123
222	Bastien	Ebden	bebden65@nbcnews.com	Male	99.11.138.86
223	Shannon	Grayshan	sgrayshan66@blogs.com	Female	27.200.108.254
224	Shelia	Lilywhite	slilywhite67@gizmodo.com	Female	3.42.162.246
225	Felicdad	Strickett	fstrickett68@senate.gov	Female	199.5.249.245
226	Esma	Duerdin	eduerdin69@apple.com	Female	153.126.131.228
227	Laurianne	Vardie	lvardie6a@arizona.edu	Female	95.103.108.87
228	Daryl	Calltone	dcalltone6b@so-net.ne.jp	Male	219.0.190.249
229	Dave	Nye	dnye6c@netscape.com	Male	2.199.146.174
230	Spike	Varty	svarty6d@google.es	Male	253.198.127.38
231	Lurette	Backler	lbackler6e@weibo.com	Female	87.39.26.233
232	Carmelina	Petrol	cpetrol6f@statcounter.com	Female	227.48.210.158
233	Gar	Berends	gberends6g@forbes.com	Male	161.151.99.246
234	Daryle	Hubert	dhubert6h@domainmarket.com	Male	62.218.92.104
235	Tierney	Van der Velden	tvandervelden6i@cnet.com	Female	39.78.120.248
236	Chilton	Gaiger	cgaiger6j@nba.com	Male	195.232.174.121
237	Thatch	Crudgington	tcrudgington6k@blogspot.com	Male	106.235.28.190
238	Coretta	Batchelour	cbatchelour6l@blogs.com	Female	124.228.73.201
239	Pearle	Eddowes	peddowes6m@reuters.com	Female	30.167.139.194
240	Marcela	Samsonsen	msamsonsen6n@instagram.com	Female	27.196.231.80
241	Amie	MacLise	amaclise6o@altervista.org	Female	102.27.120.183
242	Porty	Houldin	phouldin6p@skype.com	Male	159.153.197.170
243	Samara	Cohan	scohan6q@hostgator.com	Female	207.121.2.251
244	Jandy	MacClure	jmacclure6r@youku.com	Female	2.23.141.67
245	Marabel	Trowell	mtrowell6s@diigo.com	Female	36.90.32.25
246	Garwin	Rathborne	grathborne6t@naver.com	Genderqueer	165.145.148.119
247	Barnebas	Ruilton	bruilton6u@i2i.jp	Male	80.80.217.197
248	Maridel	Shorie	mshorie6v@indiegogo.com	Female	115.229.18.2
249	Shannan	Denisyev	sdenisyev6w@joomla.org	Polygender	129.168.114.105
250	Angie	Kilmaster	akilmaster6x@feedburner.com	Male	11.187.79.131
251	Jeramie	Wyndham	jwyndham6y@wisc.edu	Male	83.37.165.164
252	Roddy	McGarel	rmcgarel6z@addtoany.com	Male	193.32.121.222
253	Clarine	Pennick	cpennick70@latimes.com	Female	1.24.187.151
254	Llywellyn	Harborow	lharborow71@cnbc.com	Male	90.200.118.146
255	Rosalynd	Toone	rtoone72@sfgate.com	Female	183.189.163.15
256	Meris	Birkmyre	mbirkmyre73@over-blog.com	Female	203.18.63.252
257	Penny	Leuchars	pleuchars74@google.cn	Male	173.27.57.92
258	Fionnula	Bursnell	fbursnell75@thetimes.co.uk	Female	26.120.10.29
259	Ansel	McAneny	amcaneny76@jugem.jp	Male	116.49.60.123
260	Ruthanne	Firle	rfirle77@nature.com	Female	66.82.161.193
261	Gonzales	Swinley	gswinley78@dailymotion.com	Male	55.211.130.176
262	Evangeline	Akester	eakester79@jigsy.com	Female	39.185.130.248
263	Darnall	Quigley	dquigley7a@alibaba.com	Male	79.247.13.34
264	Dawn	Clemson	dclemson7b@tuttocitta.it	Female	207.3.21.101
265	Katuscha	Hyatt	khyatt7c@hatena.ne.jp	Female	23.187.144.134
266	Basile	Lambol	blambol7d@boston.com	Male	171.77.221.59
267	Bentley	Reynalds	breynalds7e@wunderground.com	Male	156.177.69.202
268	Inness	Malthus	imalthus7f@technorati.com	Male	67.53.1.0
269	Udale	Rickhuss	urickhuss7g@china.com.cn	Male	235.243.7.247
270	Patrice	Gumary	pgumary7h@mtv.com	Male	125.47.48.74
271	Margalo	Mingaye	mmingaye7i@ft.com	Female	115.214.76.98
272	Thorn	Copnell	tcopnell7j@trellian.com	Male	104.223.69.10
273	Catlee	Mathelin	cmathelin7k@yelp.com	Female	189.236.34.229
274	Barr	Willison	bwillison7l@foxnews.com	Male	105.136.4.54
275	Lorin	Sweetsur	lsweetsur7m@amazon.co.jp	Male	4.8.55.230
276	Thatch	Saiens	tsaiens7n@mtv.com	Male	160.35.209.235
277	Libbi	Assad	lassad7o@cnbc.com	Female	4.255.223.133
278	Sauncho	MacPaike	smacpaike7p@youtu.be	Polygender	185.202.251.113
279	Cissy	Tredinnick	ctredinnick7q@nih.gov	Female	52.244.246.12
280	Valentin	Kerry	vkerry7r@dropbox.com	Male	246.104.246.115
281	Alix	Martlew	amartlew7s@blog.com	Female	167.87.10.244
282	Roman	Skirvane	rskirvane7t@yolasite.com	Male	125.19.195.168
283	Jere	Ciobotaro	jciobotaro7u@blog.com	Male	136.88.20.52
284	Modesty	Shipperbottom	mshipperbottom7v@wikispaces.com	Bigender	171.178.166.86
285	Dorine	Deaville	ddeaville7w@e-recht24.de	Female	186.157.26.162
286	Goldi	Newland	gnewland7x@disqus.com	Female	38.182.62.248
287	Ofilia	Bullock	obullock7y@biblegateway.com	Female	39.136.234.237
288	Hal	Schonfelder	hschonfelder7z@ebay.co.uk	Male	160.205.43.121
289	Francisco	Jeromson	fjeromson80@imageshack.us	Male	190.157.207.220
290	Dorotea	Jacqueminot	djacqueminot81@europa.eu	Female	91.199.140.3
291	Nicholle	Nevinson	nnevinson82@t.co	Female	186.170.152.117
292	Lissie	Daniely	ldaniely83@house.gov	Female	27.207.128.16
293	Brant	Beasleigh	bbeasleigh84@google.fr	Male	187.72.3.166
294	Stephie	Brookson	sbrookson85@de.vu	Female	21.244.131.139
295	Jeannine	Gyurkovics	jgyurkovics86@nbcnews.com	Female	217.134.158.228
296	Tiebout	Leil	tleil87@newsvine.com	Male	255.68.96.244
297	Carie	Featherstonhalgh	cfeatherstonhalgh88@ning.com	Female	136.52.155.182
298	Cointon	Leinweber	cleinweber89@printfriendly.com	Male	79.150.102.235
299	Maggee	Hacksby	mhacksby8a@hao123.com	Female	147.99.145.137
300	Natty	Cromarty	ncromarty8b@constantcontact.com	Male	73.191.150.51
301	Stephanus	Perschke	sperschke8c@amazon.co.uk	Male	177.6.127.167
302	Arnoldo	Berkley	aberkley8d@slate.com	Polygender	58.28.246.190
303	Lucky	Driffill	ldriffill8e@washington.edu	Female	209.30.76.230
304	Minerva	Craddock	mcraddock8f@illinois.edu	Female	151.27.123.190
305	Gail	Jaggard	gjaggard8g@sakura.ne.jp	Male	194.79.165.204
306	John	Manchett	jmanchett8h@boston.com	Bigender	71.84.1.147
307	Merilee	Huelin	mhuelin8i@topsy.com	Female	73.160.253.108
308	Natasha	Keer	nkeer8j@walmart.com	Female	178.14.24.34
309	Niven	Sollner	nsollner8k@mediafire.com	Male	215.51.26.86
310	Mario	Goane	mgoane8l@cornell.edu	Male	23.6.143.199
311	Tiffy	Vallow	tvallow8m@mapquest.com	Female	107.97.105.24
312	Axel	Boorne	aboorne8n@about.com	Male	36.1.141.46
313	Brendon	Dakin	bdakin8o@google.co.jp	Male	88.13.25.58
314	Emogene	Yakunikov	eyakunikov8p@scribd.com	Female	9.200.84.241
315	Yovonnda	Wilfinger	ywilfinger8q@spiegel.de	Female	13.223.116.220
316	Magnum	Sisson	msisson8r@theglobeandmail.com	Male	255.246.189.11
317	Cleavland	Colliver	ccolliver8s@homestead.com	Male	249.17.240.222
318	Hyman	Fewlass	hfewlass8t@state.gov	Male	21.212.164.67
319	Annetta	Nucciotti	anucciotti8u@dailymotion.com	Female	247.214.106.45
320	Reagan	Herety	rherety8v@vistaprint.com	Male	0.173.231.98
321	Cherri	Ebben	cebben8w@businessweek.com	Genderfluid	27.126.205.28
322	Livvyy	Bowkett	lbowkett8x@newsvine.com	Female	219.110.78.205
323	Dukey	Birchill	dbirchill8y@addthis.com	Male	193.177.184.158
324	Lacee	Doble	ldoble8z@unblog.fr	Female	48.242.126.74
325	Farrand	Colum	fcolum90@fastcompany.com	Female	149.94.13.226
326	Tatiania	Matlock	tmatlock91@dmoz.org	Female	189.245.235.249
327	Ki	Doubrava	kdoubrava92@freewebs.com	Female	214.154.154.7
328	Dannel	Sander	dsander93@myspace.com	Male	2.102.214.247
329	Clemmie	Seson	cseson94@imdb.com	Male	231.216.200.132
330	Cosette	Scantleberry	cscantleberry95@skype.com	Female	151.41.233.68
331	Jakie	Arnefield	jarnefield96@miibeian.gov.cn	Genderqueer	27.77.13.85
332	Gabbie	Alfonzo	galfonzo97@amazon.co.uk	Male	4.242.52.130
333	Chryste	Ellington	cellington98@marketwatch.com	Female	144.69.101.71
334	Lyda	Degue	ldegue99@digg.com	Bigender	183.79.124.22
335	Elston	Moreing	emoreing9a@desdev.cn	Male	53.109.251.21
336	Fabian	Priddis	fpriddis9b@jigsy.com	Male	15.50.50.8
337	Diannne	Deeney	ddeeney9c@paypal.com	Female	208.133.244.172
338	Ulrick	Bolino	ubolino9d@shinystat.com	Male	251.253.188.98
339	Brita	Tuttiett	btuttiett9e@cbsnews.com	Polygender	132.48.219.81
340	Nickolai	Rothery	nrothery9f@engadget.com	Male	102.61.37.46
341	Devina	Sorton	dsorton9g@g.co	Female	224.196.235.221
342	Harriette	Pfaffel	hpfaffel9h@forbes.com	Female	169.62.177.54
343	Emlynne	Mordy	emordy9i@va.gov	Female	32.187.42.1
344	Nat	Manlow	nmanlow9j@zimbio.com	Female	41.155.189.92
345	Gav	McGlaud	gmcglaud9k@moonfruit.com	Male	123.136.132.208
346	Felicia	Moscone	fmoscone9l@qq.com	Female	162.8.240.19
347	Fitzgerald	McAlinion	fmcalinion9m@prnewswire.com	Male	241.117.35.36
348	Flint	Copo	fcopo9n@prweb.com	Male	248.152.96.233
349	Abel	Skill	askill9o@cnet.com	Male	20.181.184.149
350	Lenette	Forsythe	lforsythe9p@dion.ne.jp	Female	45.18.247.51
351	Zora	Rogerot	zrogerot9q@berkeley.edu	Female	91.182.97.160
352	Farah	Rushsorth	frushsorth9r@bbb.org	Female	27.83.132.124
353	Tobye	Eberst	teberst9s@chicagotribune.com	Female	10.106.176.138
354	Rolf	Alp	ralp9t@purevolume.com	Male	214.92.252.199
355	Del	Ness	dness9u@fda.gov	Male	38.123.131.42
356	Larissa	Medlen	lmedlen9v@acquirethisname.com	Female	6.164.68.170
357	Dyan	Rogier	drogier9w@google.cn	Female	155.5.228.109
358	Welsh	Stangoe	wstangoe9x@mysql.com	Male	197.4.80.110
359	Patti	McLelland	pmclelland9y@symantec.com	Female	242.237.127.65
360	Frasier	Brafferton	fbrafferton9z@biblegateway.com	Male	29.104.45.183
361	Yardley	Raddan	yraddana0@princeton.edu	Genderfluid	179.11.213.144
362	Tierney	Leftwich	tleftwicha1@naver.com	Female	229.209.213.129
363	Livvyy	Gamlin	lgamlina2@seesaa.net	Female	181.91.49.142
364	Ainsley	Toohey	atooheya3@usnews.com	Polygender	7.33.214.146
365	Trixy	Mosdell	tmosdella4@tinyurl.com	Female	81.90.253.196
366	Kasper	Gibbens	kgibbensa5@fema.gov	Male	68.221.93.194
367	Kiah	Duffell	kduffella6@myspace.com	Female	35.176.132.229
368	Hazel	Elmhurst	helmhursta7@icio.us	Male	72.27.114.250
369	Alford	Russan	arussana8@plala.or.jp	Male	162.194.246.142
370	Carol	Behnen	cbehnena9@nih.gov	Non-binary	133.70.102.71
371	Angelia	Seaman	aseamanaa@shareasale.com	Female	157.72.29.28
372	Arman	Mcmanaman	amcmanamanab@ovh.net	Male	198.233.244.255
373	Gill	Sinclair	gsinclairac@uol.com.br	Male	89.181.68.161
374	Boyce	Caller	bcallerad@pinterest.com	Male	116.154.17.139
375	Brannon	Cabedo	bcabedoae@barnesandnoble.com	Male	253.113.0.184
376	Guilbert	Stogill	gstogillaf@illinois.edu	Male	27.157.143.9
377	Sky	Scannell	sscannellag@businessinsider.com	Male	39.227.20.105
378	Kerwin	Reffe	kreffeah@infoseek.co.jp	Male	191.245.159.95
379	Romy	Brassington	rbrassingtonai@multiply.com	Female	122.34.250.211
380	Gweneth	Bellon	gbellonaj@google.it	Female	168.236.96.134
381	Neilla	Squier	nsquierak@xing.com	Female	1.146.69.113
382	Porty	Champness	pchampnessal@cbc.ca	Male	225.106.17.154
383	Joanne	Mockler	jmockleram@microsoft.com	Female	201.246.17.254
384	Guthry	Keller	gkelleran@salon.com	Male	234.104.209.23
385	Lin	O'Crigan	locriganao@paypal.com	Non-binary	153.48.118.79
386	Rosemaria	Mackieson	rmackiesonap@mediafire.com	Female	130.97.9.16
387	Jessamine	Anmore	janmoreaq@loc.gov	Female	18.155.178.200
388	Carmine	Janaszewski	cjanaszewskiar@tmall.com	Bigender	75.107.89.198
389	Theo	Tilson	ttilsonas@google.ca	Female	194.112.53.35
390	Nicolina	Richin	nrichinat@live.com	Female	222.250.242.121
391	Jacqui	Adolfson	jadolfsonau@businesswire.com	Female	53.164.230.43
392	Janifer	Chugg	jchuggav@blogtalkradio.com	Female	11.107.22.8
393	Ailene	Fosdyke	afosdykeaw@statcounter.com	Female	0.12.4.27
394	Marv	Dudleston	mdudlestonax@lulu.com	Male	31.220.181.86
395	Clair	Saunton	csauntonay@reuters.com	Female	145.88.128.54
396	Ambrosio	Pittle	apittleaz@sciencedaily.com	Male	147.7.161.195
397	Hildagard	Martinovic	hmartinovicb0@gizmodo.com	Female	14.10.168.221
398	Siana	Langshaw	slangshawb1@woothemes.com	Female	221.78.236.237
399	Hayyim	Jursch	hjurschb2@nyu.edu	Male	63.128.139.59
400	Janelle	Khilkov	jkhilkovb3@bizjournals.com	Female	28.7.57.116
401	Stephenie	Neames	sneamesb4@zimbio.com	Female	5.52.12.125
402	Nickey	Gratten	ngrattenb5@youku.com	Male	77.165.13.113
403	Eve	Rudolf	erudolfb6@paginegialle.it	Female	222.110.75.54
404	Mathian	Sperrett	msperrettb7@ebay.co.uk	Male	157.111.233.184
405	Waneta	Mabson	wmabsonb8@usnews.com	Female	180.149.52.192
406	Consalve	Matchett	cmatchettb9@unc.edu	Male	185.21.242.53
407	Miranda	Cooke	mcookeba@hibu.com	Female	80.75.228.30
408	Tait	Clawley	tclawleybb@dion.ne.jp	Male	243.155.168.194
409	Georgie	Faye	gfayebc@furl.net	Male	64.141.215.141
410	Edlin	Colbridge	ecolbridgebd@wiley.com	Male	230.85.142.7
411	Yorker	Mc Combe	ymccombebe@google.co.uk	Male	160.241.250.207
412	Richy	Sheering	rsheeringbf@acquirethisname.com	Male	93.210.121.32
413	Dulcine	Genike	dgenikebg@com.com	Female	142.34.202.139
414	Angeline	Mathet	amathetbh@meetup.com	Female	97.192.12.177
415	Carole	Stopps	cstoppsbi@yellowpages.com	Female	31.82.170.120
416	Lionel	Hannum	lhannumbj@unicef.org	Male	156.178.25.210
417	Bear	Piotrowski	bpiotrowskibk@dropbox.com	Male	129.7.199.167
418	Tammy	Dumingo	tdumingobl@youku.com	Male	55.232.149.240
419	Fernandina	Owenson	fowensonbm@prlog.org	Female	52.191.53.157
420	Neddie	Kaindl	nkaindlbn@arstechnica.com	Male	77.213.216.239
421	Alfi	Daubney	adaubneybo@netlog.com	Bigender	142.75.108.83
422	Ruby	Trower	rtrowerbp@istockphoto.com	Male	60.140.176.152
423	Cordelia	Le Borgne	cleborgnebq@huffingtonpost.com	Female	76.159.149.176
424	Glendon	Spurge	gspurgebr@businesswire.com	Male	155.234.58.163
425	Guinevere	Thewys	gthewysbs@webs.com	Non-binary	243.200.245.103
426	Pat	Passman	ppassmanbt@bbb.org	Male	176.207.254.58
427	Sallyanne	Fullick	sfullickbu@alibaba.com	Female	68.92.18.158
428	Gunner	Scolli	gscollibv@hhs.gov	Male	221.205.217.56
429	Sari	Guppy	sguppybw@umn.edu	Female	208.254.176.180
430	Sigismondo	Stanborough	sstanboroughbx@nydailynews.com	Male	86.63.167.143
431	Martina	Normanvill	mnormanvillby@netvibes.com	Female	159.253.118.216
432	Renaud	Bernat	rbernatbz@narod.ru	Male	22.25.163.74
433	Artur	Lardeur	alardeurc0@nyu.edu	Male	2.102.83.183
434	Conan	Fechnie	cfechniec1@whitehouse.gov	Male	226.180.15.52
435	Desiree	Mee	dmeec2@ow.ly	Female	219.183.80.49
436	Barnabas	Guest	bguestc3@t.co	Male	101.138.138.59
437	Payton	Cathee	pcatheec4@prweb.com	Male	27.90.26.192
438	Erin	Minichillo	eminichilloc5@soup.io	Female	108.77.165.128
439	Nettle	Trighton	ntrightonc6@huffingtonpost.com	Agender	149.244.17.80
440	Prentice	MacRonald	pmacronaldc7@mtv.com	Male	165.166.255.34
441	Frazer	Ciccottini	fciccottinic8@bing.com	Male	139.17.190.231
442	Darrel	Gerrish	dgerrishc9@eepurl.com	Male	182.5.15.114
443	Amity	Orbine	aorbineca@godaddy.com	Female	137.63.138.58
444	Griffy	Cockerton	gcockertoncb@google.es	Male	225.40.16.175
445	Gerda	Meadows	gmeadowscc@nsw.gov.au	Female	134.212.65.91
446	Karlotta	Antonopoulos	kantonopouloscd@usnews.com	Female	206.92.187.246
447	Goldia	Sweating	gsweatingce@mapquest.com	Female	164.180.4.240
448	Marve	Breslauer	mbreslauercf@tamu.edu	Male	8.158.82.201
449	Jozef	Marshall	jmarshallcg@economist.com	Male	162.120.3.104
450	Ivie	Avarne	iavarnech@miitbeian.gov.cn	Female	70.203.0.174
451	Zolly	Girdwood	zgirdwoodci@hud.gov	Male	92.134.83.122
452	Fin	Kollach	fkollachcj@ucoz.com	Male	145.82.242.122
453	Darren	Malby	dmalbyck@mashable.com	Male	75.248.39.64
454	Shem	Hinkensen	shinkensencl@pcworld.com	Male	65.240.4.221
455	Braden	Harbidge	bharbidgecm@ucsd.edu	Male	130.25.56.106
456	Danie	Meddick	dmeddickcn@clickbank.net	Male	111.136.16.246
457	Alister	Filipic	afilipicco@elpais.com	Male	149.91.224.132
458	Aurelia	Hughes	ahughescp@mozilla.com	Female	169.67.210.124
459	Florentia	Drane	fdranecq@slideshare.net	Female	11.103.28.67
460	Darrelle	O'Cassidy	docassidycr@census.gov	Female	178.92.19.16
461	Natty	Danbye	ndanbyecs@usnews.com	Female	108.26.89.39
462	Isiahi	Scamerdine	iscamerdinect@nih.gov	Male	19.206.223.65
463	Haroun	Ostler	hostlercu@ox.ac.uk	Male	215.46.246.111
464	Cecile	Burnitt	cburnittcv@answers.com	Female	152.161.42.88
465	Tawsha	Hinken	thinkencw@seesaa.net	Female	11.94.238.75
466	Gene	Del Castello	gdelcastellocx@go.com	Female	77.35.72.31
467	Esteban	Tackle	etacklecy@trellian.com	Male	212.182.242.35
468	Jaye	Chitter	jchittercz@ow.ly	Male	197.232.37.199
469	Travers	Songhurst	tsonghurstd0@twitpic.com	Male	4.45.48.164
470	Honey	Brims	hbrimsd1@omniture.com	Female	253.239.126.74
471	Keane	Tindley	ktindleyd2@simplemachines.org	Male	90.55.254.178
472	Jodee	Shirley	jshirleyd3@ted.com	Female	89.134.40.163
473	Cher	Vankeev	cvankeevd4@sourceforge.net	Female	118.60.124.71
474	Henka	Simenon	hsimenond5@pagesperso-orange.fr	Female	242.109.190.106
475	Merlina	Fattore	mfattored6@pcworld.com	Female	94.101.119.53
476	Wandie	Farres	wfarresd7@freewebs.com	Female	37.95.182.118
477	Robb	Pattison	rpattisond8@psu.edu	Genderfluid	54.91.180.238
478	Redford	Leith-Harvey	rleithharveyd9@typepad.com	Male	152.97.252.143
479	Etta	Herley	eherleyda@europa.eu	Female	211.181.227.104
480	Griselda	Fillimore	gfillimoredb@shop-pro.jp	Female	106.116.14.94
481	Zolly	McGray	zmcgraydc@ed.gov	Male	146.35.249.211
482	Wilona	Gregor	wgregordd@nymag.com	Female	46.17.20.206
483	Donal	Burgyn	dburgynde@amazon.co.uk	Male	228.245.206.157
484	Yorgos	Bleackly	ybleacklydf@seattletimes.com	Male	32.106.119.32
485	Kip	Prendergrass	kprendergrassdg@biblegateway.com	Male	24.252.2.73
486	Brannon	Bumphries	bbumphriesdh@yale.edu	Male	202.216.7.205
487	Felizio	Ollerhad	follerhaddi@wikispaces.com	Male	215.14.206.120
488	Eveleen	Skillen	eskillendj@technorati.com	Female	151.98.30.157
489	Allx	Squelch	asquelchdk@huffingtonpost.com	Female	188.163.22.3
490	Ilka	McMonies	imcmoniesdl@mapquest.com	Female	212.75.112.100
491	Nichols	Conboy	nconboydm@ifeng.com	Male	181.139.146.25
492	Dilly	Jacobovitz	djacobovitzdn@walmart.com	Male	135.237.243.97
493	Nelson	Dashwood	ndashwooddo@t.co	Male	27.13.140.101
494	Roma	Micah	rmicahdp@wikipedia.org	Male	230.80.124.227
495	Dominga	Brignall	dbrignalldq@sun.com	Female	72.136.57.153
496	Wynnie	Anchor	wanchordr@newyorker.com	Genderqueer	144.208.112.170
497	Yvette	Hurtic	yhurticds@stumbleupon.com	Female	24.223.11.252
498	Courtney	Anthiftle	canthiftledt@homestead.com	Female	167.245.214.82
499	Chadd	Farebrother	cfarebrotherdu@typepad.com	Male	24.133.251.17
500	Mamie	Ladbury	mladburydv@salon.com	Female	45.236.20.165
501	Lottie	Grigorkin	lgrigorkindw@weibo.com	Female	32.13.25.167
502	Teodor	Plowman	tplowmandx@prlog.org	Male	180.147.39.40
503	Duky	Kemble	dkembledy@mashable.com	Polygender	180.109.68.200
504	Holly-anne	Mulheron	hmulherondz@elpais.com	Female	182.201.182.234
505	Bruno	Shird	bshirde0@thetimes.co.uk	Male	246.171.176.154
506	Vincent	Challin	vchalline1@hexun.com	Genderfluid	2.243.160.187
507	Sharlene	Winspear	swinspeare2@huffingtonpost.com	Female	162.147.59.182
508	Faustina	Conrard	fconrarde3@geocities.com	Female	10.72.214.23
509	Glyn	Slowly	gslowlye4@cbc.ca	Female	184.146.123.214
510	Ellette	Whitecross	ewhitecrosse5@phoca.cz	Female	216.94.48.85
511	D'arcy	Rosenthaler	drosenthalere6@freewebs.com	Male	71.0.161.237
512	Veda	Cantillion	vcantillione7@issuu.com	Female	250.151.168.75
513	Ignacio	Rydeard	irydearde8@census.gov	Polygender	105.93.23.202
514	Say	Scraney	sscraneye9@delicious.com	Male	59.76.160.143
515	Lars	Tanti	ltantiea@is.gd	Male	130.45.134.230
516	Enoch	Dilon	ediloneb@mac.com	Male	78.124.245.185
517	Byrann	Spearett	bspearettec@weibo.com	Male	2.137.33.107
518	Zuzana	Caddell	zcaddelled@booking.com	Female	10.70.164.101
519	Mervin	Brunetti	mbrunettiee@ezinearticles.com	Male	126.146.187.88
520	Pyotr	Mitroshinov	pmitroshinovef@amazon.co.uk	Male	24.88.21.18
521	Eudora	Lammertz	elammertzeg@usda.gov	Female	209.212.109.210
522	Romona	Stive	rstiveeh@archive.org	Female	228.132.200.170
523	Whitney	Engall	wengallei@rediff.com	Female	224.8.179.174
524	Oliver	Brosh	obroshej@nature.com	Male	115.190.120.145
525	Devlin	Mercey	dmerceyek@statcounter.com	Male	38.2.130.55
526	Kincaid	Shawell	kshawellel@indiatimes.com	Male	205.102.45.252
527	George	Stoad	gstoadem@shareasale.com	Female	15.53.128.90
528	Andrus	Cotterell	acotterellen@dyndns.org	Male	90.126.67.200
529	Dwayne	Jaimez	djaimezeo@wix.com	Male	64.168.46.167
530	Benedicto	Holtham	bholthamep@deviantart.com	Male	45.153.251.154
531	Carin	Gee	cgeeeq@linkedin.com	Female	62.121.71.145
532	Merle	Kibel	mkibeler@diigo.com	Male	249.252.180.212
533	Dory	Gabits	dgabitses@ovh.net	Male	17.53.210.150
534	Andreas	Woolard	awoolardet@hibu.com	Male	109.220.200.153
535	Currie	Luscombe	cluscombeeu@bing.com	Male	208.149.40.150
536	Kimmie	Brickett	kbrickettev@newyorker.com	Female	215.79.155.154
537	Elianora	McPharlain	emcpharlainew@usda.gov	Female	234.53.57.167
538	Alameda	Caskie	acaskieex@google.cn	Female	188.31.235.145
539	Lilith	Forton	lfortoney@example.com	Female	87.44.184.161
540	Mitchel	Dawton	mdawtonez@arstechnica.com	Bigender	10.38.179.162
541	Collin	Suttill	csuttillf0@yelp.com	Male	127.45.167.102
542	Ellen	Fearnill	efearnillf1@de.vu	Polygender	123.27.93.67
543	Kyla	Brownsworth	kbrownsworthf2@chron.com	Female	53.174.196.133
544	Harriet	Allden	halldenf3@chron.com	Female	9.78.49.12
545	Troy	Bucknall	tbucknallf4@instagram.com	Male	187.156.199.171
546	Massimiliano	Ciccottini	mciccottinif5@4shared.com	Male	231.39.137.2
547	Parke	Ibbitt	pibbittf6@army.mil	Male	201.140.22.54
548	Nicoli	Welsby	nwelsbyf7@hubpages.com	Female	131.188.81.133
549	Tonia	Yetman	tyetmanf8@lulu.com	Female	172.200.33.143
550	Aubine	Myerscough	amyerscoughf9@google.com.au	Non-binary	106.27.213.190
551	Kylie	Kiley	kkileyfa@cnn.com	Male	212.168.43.156
552	Rubie	Otham	rothamfb@wikipedia.org	Female	192.100.249.72
553	Northrup	Marsie	nmarsiefc@amazonaws.com	Male	61.70.86.170
554	Daile	Sellman	dsellmanfd@woothemes.com	Female	27.220.206.209
555	Zacherie	Lesmonde	zlesmondefe@arizona.edu	Male	212.145.192.170
556	Isidora	Adamini	iadaminiff@list-manage.com	Bigender	140.159.149.183
557	Iver	Sigart	isigartfg@yale.edu	Male	50.167.30.212
558	Fernanda	de Leon	fdeleonfh@csmonitor.com	Female	190.199.31.85
559	Broddie	Cashen	bcashenfi@weibo.com	Male	37.124.119.160
560	Katleen	Dormer	kdormerfj@theatlantic.com	Female	158.35.25.120
561	Vanessa	Janovsky	vjanovskyfk@instagram.com	Female	220.147.144.86
562	Parsifal	Smallpiece	psmallpiecefl@acquirethisname.com	Male	129.137.51.192
563	Leena	Guerre	lguerrefm@bloglines.com	Polygender	9.169.204.90
564	Elsbeth	Real	erealfn@flavors.me	Female	173.129.18.57
565	Orsa	Jozefczak	ojozefczakfo@histats.com	Female	104.235.11.31
566	Cecile	Deetch	cdeetchfp@home.pl	Female	86.19.218.58
567	Louisa	Pyatt	lpyattfq@purevolume.com	Female	136.2.165.138
568	Packston	Kenaway	pkenawayfr@mit.edu	Male	35.230.239.144
569	Win	Saffon	wsaffonfs@japanpost.jp	Male	111.159.75.70
570	Dwain	Hendrik	dhendrikft@state.gov	Male	86.214.249.84
571	Rudd	Merrett	rmerrettfu@sfgate.com	Male	81.225.215.125
572	Patrica	Whitten	pwhittenfv@sbwire.com	Female	122.185.229.168
573	Nona	Ruvel	nruvelfw@army.mil	Female	115.94.213.177
574	Cyrille	O'Rafferty	coraffertyfx@tamu.edu	Male	243.120.178.82
575	Aloisia	Pepi	apepify@twitter.com	Female	8.228.242.72
576	Emalee	Samworth	esamworthfz@t-online.de	Female	7.196.211.77
577	Alexina	Tenney	atenneyg0@geocities.jp	Female	2.213.122.164
578	Yvor	Arkil	yarkilg1@istockphoto.com	Male	234.27.181.142
579	Ronna	Pavlasek	rpavlasekg2@macromedia.com	Female	62.51.18.80
580	Delbert	Antonovic	dantonovicg3@trellian.com	Male	150.137.0.199
581	Woodrow	Dayce	wdayceg4@businessweek.com	Male	171.6.191.111
582	Chery	Maudsley	cmaudsleyg5@fastcompany.com	Female	184.218.201.137
583	Carolee	Crimpe	ccrimpeg6@tinypic.com	Female	36.6.113.223
584	Elianore	Gatenby	egatenbyg7@ezinearticles.com	Female	66.255.43.199
585	Sigfried	Shay	sshayg8@cbsnews.com	Male	185.194.9.116
586	Arty	Doolan	adoolang9@cornell.edu	Male	118.251.219.16
587	Codie	Mahy	cmahyga@dot.gov	Female	100.160.11.135
588	Cristal	Bruster	cbrustergb@dropbox.com	Female	94.143.124.101
589	Edita	Nisius	enisiusgc@cargocollective.com	Female	181.129.9.172
590	Janelle	Guinery	jguinerygd@issuu.com	Female	247.247.124.14
591	Hillary	Gomer	hgomerge@weebly.com	Male	61.46.197.148
592	Lothario	Dewey	ldeweygf@go.com	Male	53.6.249.13
593	Coriss	Zorzoni	czorzonigg@theatlantic.com	Female	65.233.249.84
594	Claresta	Allison	callisongh@icio.us	Female	194.204.131.100
595	Ivy	Guiden	iguidengi@icq.com	Female	138.44.73.162
596	Ingeberg	Uppett	iuppettgj@pagesperso-orange.fr	Female	254.89.78.219
597	Hedvig	Mazzei	hmazzeigk@home.pl	Female	70.19.50.133
598	Carolann	Tomley	ctomleygl@clickbank.net	Non-binary	119.17.131.213
599	Zacharie	Dawkins	zdawkinsgm@bloglines.com	Bigender	103.143.232.74
600	Oates	Brownell	obrownellgn@theguardian.com	Male	10.176.90.192
601	Alisander	Cliff	acliffgo@blinklist.com	Male	232.218.187.222
602	Edi	Harp	eharpgp@discuz.net	Female	244.97.116.165
603	Barnabe	Cantero	bcanterogq@slashdot.org	Male	68.252.21.144
604	Berkie	Lievesley	blievesleygr@artisteer.com	Polygender	67.180.127.115
605	Berny	Pannaman	bpannamangs@com.com	Male	124.219.102.83
606	Far	McCreedy	fmccreedygt@nhs.uk	Male	172.191.80.191
607	Quillan	Cundey	qcundeygu@icq.com	Genderfluid	147.8.191.176
608	Doreen	Tordoff	dtordoffgv@ebay.com	Female	178.215.136.219
609	Nataniel	Petworth	npetworthgw@51.la	Male	74.43.58.86
610	Sarette	Clipsham	sclipshamgx@nydailynews.com	Female	32.42.249.170
611	Adey	Stammer	astammergy@tiny.cc	Female	87.50.90.10
612	Drusi	McGuinley	dmcguinleygz@home.pl	Female	160.111.42.255
613	Druci	Comar	dcomarh0@army.mil	Female	189.233.105.197
614	Leanor	Ferreras	lferrerash1@mapquest.com	Female	253.55.115.179
615	Fanchette	Cazalet	fcazaleth2@webmd.com	Genderfluid	141.46.50.111
616	Callida	Budge	cbudgeh3@alexa.com	Female	132.118.75.140
617	Latrena	Dog	ldogh4@apache.org	Agender	187.160.176.193
618	Debbie	Hickford	dhickfordh5@addthis.com	Female	232.31.47.251
619	Austin	Wittey	awitteyh6@artisteer.com	Male	223.75.88.31
620	Marc	Giddons	mgiddonsh7@webmd.com	Male	243.238.90.153
621	Ingrim	Fairbrass	ifairbrassh8@scribd.com	Male	105.98.202.181
622	Merrill	McLaughlin	mmclaughlinh9@cornell.edu	Male	85.220.82.11
623	Malcolm	Pieters	mpietersha@networkadvertising.org	Male	107.136.229.1
624	Charley	Elwood	celwoodhb@youku.com	Male	44.1.77.7
625	Brant	Vampouille	bvampouillehc@ftc.gov	Male	165.86.146.195
626	Steffi	Antat	santathd@wix.com	Female	19.192.201.15
627	Adora	Hasselby	ahasselbyhe@netscape.com	Female	131.251.158.156
628	Ruthy	Soigoux	rsoigouxhf@hhs.gov	Female	55.185.184.158
629	Ciel	Frudd	cfruddhg@instagram.com	Female	28.51.127.197
630	Marley	Headrick	mheadrickhh@twitter.com	Female	72.81.175.153
631	Dalila	Tchir	dtchirhi@ox.ac.uk	Female	198.212.70.206
632	Adena	Moxham	amoxhamhj@smh.com.au	Female	91.188.149.131
633	Bradford	Speares	bspeareshk@cmu.edu	Polygender	83.17.182.92
634	Marcel	Jelks	mjelkshl@ucla.edu	Male	83.104.168.155
635	Nichole	Lauxmann	nlauxmannhm@dedecms.com	Female	134.60.187.193
636	Lucille	Hubback	lhubbackhn@unicef.org	Female	188.73.240.18
637	Kellsie	Salman	ksalmanho@springer.com	Female	248.160.20.194
638	Renado	Verne	rvernehp@sogou.com	Male	72.190.178.83
639	Keefer	St Louis	kstlouishq@chicagotribune.com	Male	52.187.242.36
640	Almire	Buessen	abuessenhr@imageshack.us	Female	55.109.93.241
641	Klarrisa	Mathison	kmathisonhs@yahoo.co.jp	Female	60.150.152.250
642	Elliott	Pettit	epettitht@gnu.org	Male	150.192.200.141
643	Jethro	Flatman	jflatmanhu@purevolume.com	Male	220.52.160.75
644	Eunice	Ralfe	eralfehv@nasa.gov	Genderqueer	100.33.80.113
645	Eric	Redihalgh	eredihalghhw@ustream.tv	Male	88.151.72.225
646	Cash	Derdes	cderdeshx@cafepress.com	Male	1.82.185.221
647	Ashley	Millbank	amillbankhy@xing.com	Male	160.124.6.224
648	Mac	De Mattia	mdemattiahz@ebay.com	Male	101.67.179.3
649	Clarke	Luis	cluisi0@free.fr	Male	172.184.5.195
650	Cassandra	Dyka	cdykai1@nyu.edu	Female	252.86.176.63
651	Leisha	Delgaty	ldelgatyi2@unblog.fr	Female	55.56.113.94
652	Freddy	Chislett	fchisletti3@amazon.de	Female	33.165.198.204
653	Bale	Stroyan	bstroyani4@cisco.com	Male	77.241.200.217
654	Lizzie	Habershon	lhabershoni5@sun.com	Polygender	185.245.16.87
655	Lotta	Degoy	ldegoyi6@ow.ly	Female	138.136.142.123
656	Sheffy	Brownsword	sbrownswordi7@nytimes.com	Male	68.22.16.191
657	Rudolfo	Dinsale	rdinsalei8@csmonitor.com	Genderfluid	1.241.182.224
658	Francine	Talks	ftalksi9@jalbum.net	Female	143.90.45.247
659	Edna	Gepheart	egepheartia@amazon.co.uk	Female	94.188.148.29
660	Veronique	Manford	vmanfordib@usnews.com	Female	29.3.204.134
661	May	Gascar	mgascaric@xrea.com	Bigender	161.149.32.75
662	Kirstyn	Pattullo	kpattulloid@yelp.com	Female	247.216.227.121
663	Lynn	Middlebrook	lmiddlebrookie@qq.com	Female	65.100.239.49
664	Ertha	Larkings	elarkingsif@jalbum.net	Female	72.38.168.3
665	Win	Josuweit	wjosuweitig@networkadvertising.org	Male	75.45.122.223
666	Haskel	Leidl	hleidlih@prnewswire.com	Male	158.40.32.248
667	Egon	Ghiotto	eghiottoii@un.org	Male	204.68.200.73
668	Christyna	Jewer	cjewerij@skyrock.com	Female	67.13.160.42
669	Bud	McCarroll	bmccarrollik@mtv.com	Male	132.3.239.14
670	Lurlene	Voaden	lvoadenil@deliciousdays.com	Female	215.161.181.101
671	Duff	Jecock	djecockim@huffingtonpost.com	Male	139.156.77.241
672	Florie	Hubatsch	fhubatschin@icio.us	Genderqueer	186.97.96.65
673	Jocelin	Nassau	jnassauio@boston.com	Female	14.171.173.93
674	Ronnie	Finneran	rfinneranip@sciencedirect.com	Female	59.195.198.192
675	Avictor	Heller	ahelleriq@yolasite.com	Male	228.113.21.202
676	Dahlia	Dragge	ddraggeir@fc2.com	Female	115.122.103.54
677	Haywood	Milier	hmilieris@va.gov	Male	250.242.159.98
678	Richart	Cosins	rcosinsit@issuu.com	Male	170.144.101.103
679	Stefan	Nijssen	snijsseniu@opensource.org	Male	115.48.72.0
680	Garik	Hayle	ghayleiv@prlog.org	Male	19.176.210.54
681	Darcey	Tweedy	dtweedyiw@youtu.be	Female	121.161.162.247
682	Meade	Caulcutt	mcaulcuttix@mtv.com	Male	106.217.128.173
683	Duane	Di Batista	ddibatistaiy@e-recht24.de	Male	138.133.248.35
684	Paloma	Skryne	pskryneiz@twitter.com	Female	243.203.103.61
685	Ketti	Eldered	kelderedj0@answers.com	Female	164.170.167.148
686	Stacee	Van Der Straaten	svanderstraatenj1@naver.com	Female	84.55.141.61
687	Mirella	Seamons	mseamonsj2@usnews.com	Female	69.252.186.207
688	Sheppard	Janczyk	sjanczykj3@cmu.edu	Male	250.229.174.10
689	Siegfried	Enrdigo	senrdigoj4@odnoklassniki.ru	Male	97.86.195.3
690	Tasha	Crossingham	tcrossinghamj5@nih.gov	Female	222.236.14.156
691	Arther	Cosgrave	acosgravej6@sbwire.com	Male	64.85.141.4
692	Honoria	Hallahan	hhallahanj7@army.mil	Female	61.108.157.98
693	Corny	Frostdyke	cfrostdykej8@ocn.ne.jp	Male	119.194.63.245
694	Brok	Gerald	bgeraldj9@cmu.edu	Male	11.146.224.18
695	Francyne	Iredell	firedellja@buzzfeed.com	Female	163.117.62.51
696	Lida	Palle	lpallejb@un.org	Female	105.81.98.213
697	Corinna	Ygou	cygoujc@prweb.com	Female	40.90.147.30
698	Ciel	Clipson	cclipsonjd@drupal.org	Female	147.195.126.242
699	Wilmar	Skivington	wskivingtonje@comsenz.com	Male	77.206.104.152
700	Farly	Yukhnev	fyukhnevjf@umn.edu	Male	68.177.0.194
701	Cairistiona	Creus	ccreusjg@home.pl	Female	208.202.209.97
702	Lee	Burleton	lburletonjh@admin.ch	Male	65.255.218.194
703	Chris	Heers	cheersji@booking.com	Female	151.174.248.54
704	Josi	Sabey	jsabeyjj@chronoengine.com	Female	142.89.235.29
705	Clerc	Bumpass	cbumpassjk@loc.gov	Male	46.25.31.231
706	Eileen	Cockney	ecockneyjl@cpanel.net	Female	36.231.147.140
707	Ludvig	Gibby	lgibbyjm@ning.com	Male	215.47.125.88
708	Melisa	Hellwing	mhellwingjn@ft.com	Female	153.219.72.226
709	Gregoire	Ghioni	gghionijo@histats.com	Male	172.47.116.135
710	Tomkin	Brouard	tbrouardjp@house.gov	Male	72.107.186.120
711	Concordia	Labram	clabramjq@goo.gl	Agender	143.39.1.148
712	Meredith	Brayfield	mbrayfieldjr@kickstarter.com	Female	223.241.198.237
713	Bo	Averill	baverilljs@usatoday.com	Male	234.80.95.207
714	Emma	Tournay	etournayjt@reference.com	Female	201.33.144.98
715	Melisandra	Pepperell	mpepperellju@msu.edu	Female	201.67.42.71
716	Richy	Dudin	rdudinjv@mail.ru	Male	113.63.44.130
717	Nefen	Crauford	ncraufordjw@prlog.org	Genderqueer	36.28.215.146
718	Herbie	Gertz	hgertzjx@google.nl	Agender	66.74.156.220
719	Skipton	Polden	spoldenjy@cornell.edu	Male	106.210.122.190
720	Raff	Nerval	rnervaljz@geocities.com	Male	195.64.171.111
721	Bancroft	Bernardelli	bbernardellik0@walmart.com	Male	210.31.74.218
722	Una	Clough	ucloughk1@discuz.net	Female	134.120.128.251
723	Tierney	Rideout	trideoutk2@tripadvisor.com	Female	210.179.86.255
724	Townie	Calvert	tcalvertk3@t.co	Male	127.227.102.150
725	Hans	Boyce	hboycek4@ed.gov	Male	52.114.54.163
726	Violante	Bugdell	vbugdellk5@zdnet.com	Female	75.95.217.249
727	Constantine	Blatherwick	cblatherwickk6@forbes.com	Female	87.142.134.31
728	Annamaria	O'Grady	aogradyk7@t-online.de	Female	84.138.23.103
729	Cornie	Crockett	ccrockettk8@sogou.com	Male	13.223.191.129
730	Kalie	Remirez	kremirezk9@census.gov	Female	246.220.45.118
731	Sheilah	Renner	srennerka@squarespace.com	Female	239.143.64.156
732	Raddy	Naptin	rnaptinkb@kickstarter.com	Male	77.142.81.137
733	Chandler	De Winton	cdewintonkc@usa.gov	Male	210.214.123.220
734	Mord	Cruft	mcruftkd@mashable.com	Male	59.33.65.142
735	Benny	Allan	ballanke@economist.com	Polygender	45.33.72.243
736	Farlie	Stoite	fstoitekf@time.com	Male	114.226.125.198
737	Bryon	Jesson	bjessonkg@narod.ru	Male	251.117.240.136
738	Sancho	Sunley	ssunleykh@multiply.com	Male	167.27.203.194
739	Rochella	Woolfenden	rwoolfendenki@icio.us	Polygender	229.12.164.5
740	Syman	Pooke	spookekj@forbes.com	Male	68.71.89.77
741	Norry	Postlewhite	npostlewhitekk@bloomberg.com	Female	12.65.176.162
742	Hank	Pooke	hpookekl@creativecommons.org	Male	148.23.170.244
743	Kym	Kirwin	kkirwinkm@google.com	Female	59.117.27.104
744	Lilian	Rabbet	lrabbetkn@cloudflare.com	Female	140.87.115.169
745	Lucas	Peoples	lpeoplesko@jimdo.com	Male	34.167.201.50
746	Elianore	Hulson	ehulsonkp@si.edu	Female	11.165.81.77
747	Tonnie	Veryard	tveryardkq@ftc.gov	Male	239.228.239.113
748	Christy	Salamon	csalamonkr@google.cn	Male	104.76.243.143
749	Courtenay	Clewlowe	cclewloweks@surveymonkey.com	Female	43.47.176.235
750	Staford	Signe	ssignekt@mapquest.com	Male	95.253.68.51
751	Quincey	Kunzelmann	qkunzelmannku@example.com	Male	5.214.176.213
752	Lilla	Ulyet	lulyetkv@dmoz.org	Female	223.41.19.184
753	Fredrika	Hoffman	fhoffmankw@privacy.gov.au	Female	137.78.231.209
754	Tiler	Lissemore	tlissemorekx@economist.com	Male	182.235.1.137
755	Reinaldos	Creggan	rcregganky@fastcompany.com	Male	217.87.253.5
756	Larine	Greensite	lgreensitekz@google.es	Female	99.181.110.241
757	Katie	Prophet	kprophetl0@blinklist.com	Female	144.158.91.6
758	Brien	Ramshay	bramshayl1@mit.edu	Male	187.242.230.108
759	Ethelin	Niccolls	eniccollsl2@devhub.com	Female	47.152.221.68
760	Marcelline	Skally	mskallyl3@goodreads.com	Female	219.114.102.33
761	Wrennie	Masey	wmaseyl4@google.nl	Genderqueer	21.145.14.110
762	Jefferson	Sherar	jsherarl5@barnesandnoble.com	Male	51.178.41.52
763	Fanchon	Haywood	fhaywoodl6@gov.uk	Female	249.251.173.27
764	Shayla	Bye	sbyel7@engadget.com	Female	90.93.98.167
765	Robinetta	Americi	ramericil8@va.gov	Female	225.156.86.23
766	Mair	Batiste	mbatistel9@ihg.com	Female	76.157.79.57
767	Jereme	Dran	jdranla@github.io	Male	51.161.227.111
768	Paquito	Lammenga	plammengalb@si.edu	Male	49.174.14.1
769	Ancell	Liverock	aliverocklc@oracle.com	Male	73.22.156.151
770	Noak	Suero	nsuerold@ow.ly	Agender	28.197.112.35
771	Hoebart	Kurten	hkurtenle@vimeo.com	Male	133.199.121.245
772	Stillmann	Gillan	sgillanlf@geocities.jp	Male	130.219.123.47
773	Vincents	Belderson	vbeldersonlg@about.com	Male	218.170.81.210
774	Herschel	McBoyle	hmcboylelh@ibm.com	Male	203.58.164.110
775	Larina	Benech	lbenechli@eventbrite.com	Female	56.56.196.85
776	Bran	Maycey	bmayceylj@geocities.jp	Male	249.9.83.72
777	Micaela	Ivanov	mivanovlk@studiopress.com	Female	94.19.197.218
778	Daphna	Denys	ddenysll@tumblr.com	Female	209.12.244.229
779	Jim	Gruszka	jgruszkalm@indiatimes.com	Male	92.253.105.110
780	Danika	Goult	dgoultln@hibu.com	Female	245.31.176.168
781	Sabine	Ambroix	sambroixlo@photobucket.com	Female	147.128.6.181
782	Jasen	Poleye	jpoleyelp@canalblog.com	Male	49.197.223.212
783	Meyer	Kerridge	mkerridgelq@cornell.edu	Agender	57.211.28.233
784	Denys	Danett	ddanettlr@un.org	Female	144.224.135.36
785	Skye	Keniwell	skeniwellls@deviantart.com	Male	196.63.197.34
786	Kaile	Brightling	kbrightlinglt@europa.eu	Female	118.167.87.83
787	Dillie	Matteoli	dmatteolilu@answers.com	Male	83.166.139.19
788	Oliy	Mottinelli	omottinellilv@engadget.com	Female	13.94.116.85
789	Vinnie	Heselwood	vheselwoodlw@arizona.edu	Female	249.214.108.191
790	Jobyna	Bristoe	jbristoelx@jalbum.net	Female	38.121.114.167
791	Augie	Warcup	awarcuply@ameblo.jp	Male	201.40.57.67
792	Hortense	Pettus	hpettuslz@telegraph.co.uk	Female	87.163.241.105
793	Pete	Hundey	phundeym0@sogou.com	Male	64.121.14.248
794	Tobit	Lear	tlearm1@timesonline.co.uk	Male	92.111.117.192
795	Xenia	Kubicki	xkubickim2@trellian.com	Female	93.58.172.184
796	Seana	Valeri	svalerim3@mysql.com	Female	42.190.173.121
797	Jarred	Sommerled	jsommerledm4@ocn.ne.jp	Male	30.79.223.89
798	Brendan	Bubbear	bbubbearm5@bandcamp.com	Male	155.229.184.6
799	Vernen	Chevalier	vchevalierm6@instagram.com	Male	198.251.45.255
800	Shanta	Penrose	spenrosem7@cbsnews.com	Female	149.126.135.235
801	Clare	Yates	cyatesm8@loc.gov	Male	84.206.119.57
802	Aryn	Giacomucci	agiacomuccim9@last.fm	Female	102.4.144.247
803	Mari	Ingliby	minglibyma@com.com	Female	21.20.123.45
804	Shayne	Summersett	ssummersettmb@paypal.com	Female	222.226.81.190
805	Nancy	Kett	nkettmc@weather.com	Female	149.55.93.90
806	Webster	Catlow	wcatlowmd@chicagotribune.com	Male	180.224.145.65
807	Fair	Domerc	fdomercme@chicagotribune.com	Agender	234.250.159.19
808	Celeste	Phillipps	cphillippsmf@goo.gl	Female	206.156.94.227
809	Bastien	Acton	bactonmg@latimes.com	Male	50.200.49.74
810	Catriona	Duran	cduranmh@dion.ne.jp	Female	217.142.159.79
811	Jerry	McKay	jmckaymi@seesaa.net	Male	63.89.92.181
812	Datha	Mantram	dmantrammj@wp.com	Genderqueer	203.11.16.163
813	Wilek	Kevlin	wkevlinmk@com.com	Male	12.73.56.178
814	Brewer	Maudlin	bmaudlinml@cnn.com	Male	186.60.202.105
815	Nollie	Richard	nrichardmm@hubpages.com	Female	122.111.185.198
816	Dalli	Hylton	dhyltonmn@nifty.com	Male	131.5.28.180
817	Danny	Willmetts	dwillmettsmo@wikipedia.org	Female	162.58.53.65
818	Glynis	Arnott	garnottmp@engadget.com	Female	212.100.29.226
819	Viviana	Sparling	vsparlingmq@soup.io	Genderfluid	158.130.11.116
820	Roxine	Ody	rodymr@google.pl	Female	217.153.82.21
821	Rahel	Sellek	rsellekms@webmd.com	Female	183.85.128.222
822	Darda	Delouch	ddelouchmt@yahoo.co.jp	Non-binary	116.138.35.39
823	Ezequiel	Forster	eforstermu@slashdot.org	Male	138.240.211.214
824	Sloane	Robison	srobisonmv@tuttocitta.it	Male	223.102.234.220
825	Gorden	O'Donohue	godonohuemw@nifty.com	Male	40.164.34.171
826	Currey	Dohrmann	cdohrmannmx@xing.com	Male	98.171.40.61
827	Mack	Gonsalvo	mgonsalvomy@pen.io	Non-binary	136.113.207.140
828	Boyd	O'Crigan	bocriganmz@squidoo.com	Non-binary	88.106.208.136
829	Lynn	Knok	lknokn0@ustream.tv	Genderfluid	108.232.217.87
830	Pebrook	Segebrecht	psegebrechtn1@salon.com	Male	254.27.134.83
831	Gustavus	Tyrwhitt	gtyrwhittn2@nytimes.com	Male	152.50.122.19
832	Elsi	Dibson	edibsonn3@unesco.org	Female	132.58.159.191
833	Domini	Boerderman	dboerdermann4@columbia.edu	Female	71.25.214.145
834	Janifer	Edgin	jedginn5@devhub.com	Female	231.238.120.243
835	Allie	Giffkins	agiffkinsn6@dropbox.com	Male	217.101.36.196
836	Nonna	Leyninye	nleyninyen7@ca.gov	Genderfluid	38.63.42.127
837	Elwin	Brabyn	ebrabynn8@jalbum.net	Male	150.109.154.223
838	Carol	Schieferstein	cschiefersteinn9@geocities.com	Genderqueer	136.71.29.62
839	Odele	Cottham	ocotthamna@blogger.com	Female	41.138.108.242
840	Letitia	de Clerq	ldeclerqnb@yelp.com	Female	101.251.42.229
841	Brockie	Druitt	bdruittnc@dailymail.co.uk	Male	204.65.217.133
842	Mabel	Steaning	msteaningnd@arizona.edu	Female	110.248.50.208
843	Grady	Barrick	gbarrickne@hao123.com	Male	178.175.40.58
844	Donella	Elward	delwardnf@ehow.com	Female	184.239.123.209
845	Ruttger	Main	rmainng@mlb.com	Male	215.38.101.251
846	Camala	Bolland	cbollandnh@mysql.com	Female	20.142.16.75
847	Sheeree	Vaadeland	svaadelandni@bloglines.com	Female	104.218.60.185
848	Nollie	Joret	njoretnj@360.cn	Female	48.209.244.65
849	Aurthur	Cole	acolenk@youtube.com	Male	245.249.9.9
850	Fonsie	Barling	fbarlingnl@scientificamerican.com	Male	243.57.124.91
851	Maurice	Stirtle	mstirtlenm@bbc.co.uk	Male	30.63.63.71
852	Brad	Burress	bburressnn@php.net	Male	45.220.164.146
853	Karil	Vassall	kvassallno@de.vu	Female	50.48.91.156
854	Francene	Reader	freadernp@discuz.net	Non-binary	178.100.55.38
855	Concordia	McIlmurray	cmcilmurraynq@cloudflare.com	Agender	235.131.35.69
856	Newton	Krale	nkralenr@uol.com.br	Male	117.183.174.2
857	Francyne	Lidington	flidingtonns@nytimes.com	Female	61.222.128.190
858	Adah	MacDonnell	amacdonnellnt@yellowbook.com	Female	77.92.163.168
859	Archambault	Fenning	afenningnu@unc.edu	Male	14.127.136.227
860	Roana	Lovstrom	rlovstromnv@usnews.com	Female	220.123.253.157
861	Georgeta	Ciobutaro	gciobutaronw@harvard.edu	Female	237.75.30.29
862	Lindie	Loxly	lloxlynx@histats.com	Non-binary	5.95.238.211
863	Stephenie	MacLaverty	smaclavertyny@nationalgeographic.com	Female	133.57.147.46
864	Gerda	Chittem	gchittemnz@behance.net	Female	119.86.119.41
865	Ab	Wychard	awychardo0@lycos.com	Male	129.74.104.47
866	Charmine	Usborn	cusborno1@bloglines.com	Female	181.165.6.39
867	Greggory	Asche	gascheo2@yale.edu	Male	175.212.221.174
868	Shaylah	Brittle	sbrittleo3@yandex.ru	Female	139.190.32.19
869	Bonny	Martugin	bmartugino4@google.com.au	Female	95.75.132.125
870	Aili	McRonald	amcronaldo5@goodreads.com	Female	80.2.44.73
871	Walton	Vowells	wvowellso6@163.com	Male	234.136.169.45
872	Agnese	Buckoke	abuckokeo7@parallels.com	Genderfluid	221.145.110.15
873	Urbain	Winley	uwinleyo8@dedecms.com	Male	205.112.119.47
874	Ashil	Donnan	adonnano9@ebay.co.uk	Female	231.10.246.120
875	Lilllie	Scramage	lscramageoa@edublogs.org	Female	101.101.136.9
876	Ringo	Balmforth	rbalmforthob@studiopress.com	Male	90.179.174.55
877	Elton	Thornton	ethorntonoc@imageshack.us	Male	94.235.184.255
878	Glendon	Aizkovitch	gaizkovitchod@zimbio.com	Male	22.109.130.47
879	Daniella	Giraudot	dgiraudotoe@army.mil	Female	54.222.205.35
880	Ardith	Killcross	akillcrossof@nih.gov	Female	16.82.165.44
881	Hailey	Soonhouse	hsoonhouseog@gravatar.com	Male	197.143.42.189
882	Ilene	Augur	iauguroh@yellowpages.com	Female	176.33.116.138
883	Mariana	Westnedge	mwestnedgeoi@blog.com	Female	56.88.3.69
884	Berte	Peggrem	bpeggremoj@usnews.com	Female	245.157.235.89
885	Koenraad	Shatliffe	kshatliffeok@etsy.com	Male	104.120.44.199
886	Eduard	Itscowicz	eitscowiczol@nytimes.com	Non-binary	155.82.214.206
887	Angelia	Adamovsky	aadamovskyom@mapquest.com	Female	72.119.218.252
888	Raine	Cunningham	rcunninghamon@facebook.com	Female	211.233.154.90
889	Hube	McIlvenna	hmcilvennaoo@businessinsider.com	Male	244.88.149.133
890	Riordan	Gebb	rgebbop@php.net	Male	230.74.14.43
891	Marti	Dransfield	mdransfieldoq@taobao.com	Genderfluid	223.202.129.14
892	Rose	Angric	rangricor@tinyurl.com	Female	248.18.172.174
893	Terri-jo	Oene	toeneos@free.fr	Female	6.53.195.9
894	Kathlin	Ganning	kganningot@360.cn	Female	110.206.233.177
895	Hillard	Carrack	hcarrackou@miibeian.gov.cn	Genderfluid	104.110.241.226
896	Eirena	Loosely	elooselyov@unblog.fr	Female	79.182.82.157
897	Daile	Cosstick	dcosstickow@walmart.com	Female	190.95.29.174
898	Elena	Hall-Gough	ehallgoughox@sogou.com	Polygender	218.186.142.204
899	Paton	Barense	pbarenseoy@cnn.com	Male	71.209.60.58
900	Gardener	Innes	ginnesoz@blinklist.com	Male	239.217.238.19
901	Leigh	Butter	lbutterp0@behance.net	Female	205.63.13.22
902	Caddric	Bichener	cbichenerp1@flavors.me	Male	152.124.171.146
903	Augustina	Bazoche	abazochep2@macromedia.com	Agender	103.128.28.249
904	Carleen	Magauran	cmagauranp3@kickstarter.com	Female	67.86.229.142
905	Wileen	Dahlberg	wdahlbergp4@about.me	Female	232.65.82.205
906	Desiree	Scane	dscanep5@forbes.com	Non-binary	20.98.214.193
907	Erwin	Moggie	emoggiep6@tamu.edu	Male	222.96.14.209
908	Mycah	Vedeniktov	mvedeniktovp7@ihg.com	Male	79.212.92.231
909	Judye	Stutard	jstutardp8@prnewswire.com	Female	35.70.123.238
910	Pierson	Nockells	pnockellsp9@theglobeandmail.com	Male	63.225.115.123
911	Cally	Slocum	cslocumpa@nbcnews.com	Female	209.185.231.45
912	Annis	Dinsey	adinseypb@gmpg.org	Female	246.98.165.218
913	Keven	Juza	kjuzapc@studiopress.com	Bigender	137.153.39.115
914	Analiese	Marklund	amarklundpd@google.es	Genderqueer	18.24.90.116
915	Markos	Jobbing	mjobbingpe@51.la	Male	13.72.8.34
916	Zuzana	Valentinuzzi	zvalentinuzzipf@jalbum.net	Female	129.222.120.114
917	Leupold	Presslee	lpressleepg@privacy.gov.au	Male	75.242.125.133
918	Price	Smart	psmartph@java.com	Male	239.53.2.150
919	Shelby	O'Nowlan	sonowlanpi@cpanel.net	Female	162.194.73.107
920	Lotti	Gatenby	lgatenbypj@wikimedia.org	Female	231.0.25.135
921	Adolf	Kowal	akowalpk@tmall.com	Male	249.88.191.179
922	Israel	Dixcee	idixceepl@pen.io	Male	161.194.43.48
923	Arda	Caldeiro	acaldeiropm@paginegialle.it	Female	199.36.247.151
924	Henka	Bernt	hberntpn@wiley.com	Genderqueer	24.5.136.65
925	Felita	Leason	fleasonpo@blog.com	Female	84.228.247.217
926	Rosene	Roswarne	rroswarnepp@redcross.org	Female	251.12.165.243
927	Guthrie	Jockle	gjocklepq@ebay.co.uk	Male	210.79.20.241
928	Luce	Heinle	lheinlepr@dyndns.org	Genderfluid	138.80.215.230
929	Kristofer	Bonifacio	kbonifaciops@amazonaws.com	Male	168.141.115.76
930	Yehudit	Storrie	ystorriept@jalbum.net	Male	202.31.15.188
931	Allissa	Paris	aparispu@bing.com	Female	86.52.123.191
932	Sherman	Thorowgood	sthorowgoodpv@jimdo.com	Male	225.167.95.141
933	Bryce	Burroughes	bburroughespw@163.com	Male	115.162.94.240
934	Min	Gall	mgallpx@gravatar.com	Female	13.67.120.103
935	Ludovico	Giacopello	lgiacopellopy@yale.edu	Non-binary	159.203.15.198
936	Anastasia	Kuhnhardt	akuhnhardtpz@goo.gl	Female	49.55.233.107
937	Tynan	Beteriss	tbeterissq0@home.pl	Male	134.186.254.163
938	Ursa	McPhelimy	umcphelimyq1@mozilla.org	Female	175.97.17.244
939	Immanuel	Pengelly	ipengellyq2@gov.uk	Male	86.43.113.17
940	Nikolaus	Faloon	nfaloonq3@dot.gov	Male	43.144.208.160
941	Consalve	Wingrove	cwingroveq4@so-net.ne.jp	Male	139.122.23.73
942	Rosalia	Sibille	rsibilleq5@kickstarter.com	Female	52.0.34.21
943	Tarah	Garbert	tgarbertq6@paginegialle.it	Female	199.133.214.1
944	Everett	Davidson	edavidsonq7@ucoz.ru	Male	77.61.160.212
945	Nert	Saye	nsayeq8@cdbaby.com	Female	138.203.121.245
946	Rafaelita	Daunay	rdaunayq9@hexun.com	Female	225.235.154.110
947	Tracee	Arents	tarentsqa@buzzfeed.com	Female	120.7.85.127
948	Abagail	Pearson	apearsonqb@wordpress.com	Genderqueer	138.29.189.243
949	Garwin	Twigg	gtwiggqc@bing.com	Male	133.217.25.106
950	Nicholle	Korpal	nkorpalqd@amazon.com	Female	36.8.24.185
951	Orlan	Goodbairn	ogoodbairnqe@shop-pro.jp	Male	199.206.14.22
952	Standford	Wann	swannqf@gnu.org	Male	223.176.52.54
953	Bridie	Warhurst	bwarhurstqg@miibeian.gov.cn	Female	209.244.87.185
954	Dacia	Magner	dmagnerqh@sciencedaily.com	Female	35.3.152.217
955	Jard	Arnauduc	jarnauducqi@yale.edu	Male	59.20.187.133
956	Jamey	Gregoretti	jgregorettiqj@seesaa.net	Male	75.229.59.217
957	Welsh	Connew	wconnewqk@canalblog.com	Male	173.49.36.15
958	Jereme	Lindenblatt	jlindenblattql@economist.com	Male	182.201.7.139
959	Alexandros	Evetts	aevettsqm@un.org	Male	134.207.181.44
960	Lewiss	Coslitt	lcoslittqn@rakuten.co.jp	Male	177.51.128.217
961	Matias	Lowey	mloweyqo@trellian.com	Male	53.114.88.190
962	Cyrus	Reast	creastqp@uol.com.br	Male	23.202.224.237
963	Eleanora	Dymock	edymockqq@blogger.com	Female	165.217.84.109
964	Sephira	Rainbow	srainbowqr@netlog.com	Female	43.2.174.145
965	Sandro	Wrettum	swrettumqs@gov.uk	Genderfluid	160.71.36.36
966	Storm	Bronger	sbrongerqt@time.com	Non-binary	127.19.67.132
967	Germain	Skegg	gskeggqu@hud.gov	Male	170.182.74.194
968	Brockie	Searjeant	bsearjeantqv@about.com	Male	11.206.121.239
969	Neale	Boston	nbostonqw@discuz.net	Male	230.245.45.18
970	Lodovico	Ferri	lferriqx@uol.com.br	Male	20.254.207.63
971	Jayme	Adamides	jadamidesqy@state.tx.us	Non-binary	246.97.119.211
972	Hugo	Meggison	hmeggisonqz@yale.edu	Male	110.148.65.175
973	Lynnell	Gadsby	lgadsbyr0@engadget.com	Female	231.155.92.211
974	Trevar	O'Brollachain	tobrollachainr1@imdb.com	Male	99.77.205.54
975	Burty	Witchalls	bwitchallsr2@i2i.jp	Male	22.186.129.254
976	Madelyn	Carver	mcarverr3@tiny.cc	Female	144.100.73.225
977	Sterne	Attock	sattockr4@t-online.de	Male	84.0.81.255
978	Helsa	Wasling	hwaslingr5@shinystat.com	Female	36.235.211.243
979	Monroe	Noraway	mnorawayr6@dion.ne.jp	Male	116.6.51.192
980	Sandy	Knell	sknellr7@tiny.cc	Female	203.145.244.136
981	Angel	Groomebridge	agroomebridger8@columbia.edu	Male	181.124.73.102
982	Myrna	Settle	msettler9@fema.gov	Female	10.169.255.133
983	Kaile	Robbeke	krobbekera@g.co	Agender	234.222.162.207
984	Lavina	Micallef	lmicallefrb@imdb.com	Female	111.90.194.121
985	Jonathan	Springford	jspringfordrc@marriott.com	Male	117.60.242.8
986	Hobie	Schankel	hschankelrd@eventbrite.com	Male	127.71.62.150
987	Linea	Kidde	lkiddere@sogou.com	Female	16.37.246.246
988	Ellary	Kovalski	ekovalskirf@gizmodo.com	Male	21.248.129.187
989	Moishe	Matveyev	mmatveyevrg@microsoft.com	Male	246.114.12.167
990	Tisha	Moynihan	tmoynihanrh@wikipedia.org	Female	207.64.128.101
991	Onfroi	McConnal	omcconnalri@mediafire.com	Male	176.6.47.124
992	Noellyn	Frostdicke	nfrostdickerj@digg.com	Female	240.40.247.62
993	Berton	Connick	bconnickrk@is.gd	Male	209.149.189.104
994	Helena	Pamplin	hpamplinrl@shareasale.com	Bigender	150.13.247.66
995	Abby	Jambrozek	ajambrozekrm@wsj.com	Female	172.14.161.239
996	Sallyann	Ledwidge	sledwidgern@cyberchimps.com	Female	29.141.191.218
997	Cassandra	Rounding	croundingro@eepurl.com	Female	34.219.124.6
998	Pietro	Weekley	pweekleyrp@domainmarket.com	Non-binary	255.158.248.79
999	Godiva	Gilogly	ggiloglyrq@slate.com	Female	22.95.50.134
1000	Donny	Zaniolini	dzaniolinirr@usgs.gov	Male	99.220.129.122


